date,city,store,category,min_price,avg_price,diff_pct_min,diff_pct_avg
30/04/2025,Auckland,NewWorld,beef,18.22,26.1,,
01/05/2025,Auckland,NewWorld,beef,17.43,26.74,-4.34,2.45
02/05/2025,Auckland,NewWorld,beef,17.33,26.21,-0.57,-1.98
03/05/2025,Auckland,NewWorld,beef,18.38,26.47,6.06,0.99
04/05/2025,Auckland,NewWorld,beef,18.57,26.75,1.03,1.06
05/05/2025,Auckland,NewWorld,beef,18.32,25.96,-1.35,-2.95
06/05/2025,Auckland,NewWorld,beef,18.31,25.69,-0.05,-1.04
07/05/2025,Auckland,NewWorld,beef,17.86,25.31,-2.46,-1.48
08/05/2025,Auckland,NewWorld,beef,18.25,25.9,2.18,2.33
09/05/2025,Auckland,NewWorld,beef,18.71,25.8,2.52,-0.39
10/05/2025,Auckland,NewWorld,beef,17.48,26.41,-6.57,2.36
11/05/2025,Auckland,NewWorld,beef,17.49,27.59,0.06,4.47
12/05/2025,Auckland,NewWorld,beef,17.3,27.15,-1.09,-1.59
13/05/2025,Auckland,NewWorld,beef,18.6,26.9,7.51,-0.92
14/05/2025,Auckland,NewWorld,beef,18.11,27.07,-2.63,0.63
15/05/2025,Auckland,NewWorld,beef,17.18,26.96,-5.14,-0.41
16/05/2025,Auckland,NewWorld,beef,18.35,25.73,6.81,-4.56
17/05/2025,Auckland,NewWorld,beef,18.32,26.44,-0.16,2.76
18/05/2025,Auckland,NewWorld,beef,18.87,27.44,3.0,3.78
19/05/2025,Auckland,NewWorld,beef,17.38,25.21,-7.9,-8.13
20/05/2025,Auckland,NewWorld,beef,17.69,25.83,1.78,2.46
21/05/2025,Auckland,NewWorld,beef,17.51,26.21,-1.02,1.47
22/05/2025,Auckland,NewWorld,beef,18.3,27.1,4.51,3.4
23/05/2025,Auckland,NewWorld,beef,17.17,25.94,-6.17,-4.28
24/05/2025,Auckland,NewWorld,beef,18.07,25.97,5.24,0.12
25/05/2025,Auckland,NewWorld,beef,17.1,25.15,-5.37,-3.16
26/05/2025,Auckland,NewWorld,beef,18.76,27.33,9.71,8.67
27/05/2025,Auckland,NewWorld,beef,17.47,27.13,-6.88,-0.73
28/05/2025,Auckland,NewWorld,beef,17.37,26.54,-0.57,-2.17
29/05/2025,Auckland,NewWorld,beef,18.26,25.44,5.12,-4.14
30/05/2025,Auckland,NewWorld,beef,17.93,26.4,-1.81,3.77
31/05/2025,Auckland,NewWorld,beef,17.24,27.17,-3.85,2.92
01/06/2025,Auckland,NewWorld,beef,18.76,26.57,8.82,-2.21
02/06/2025,Auckland,NewWorld,beef,18.64,27.1,-0.64,1.99
03/06/2025,Auckland,NewWorld,beef,17.24,26.45,-7.51,-2.4
30/04/2025,Auckland,NewWorld,bread,1.52,3.04,,
01/05/2025,Auckland,NewWorld,bread,1.55,2.99,1.97,-1.64
02/05/2025,Auckland,NewWorld,bread,1.46,2.92,-5.81,-2.34
03/05/2025,Auckland,NewWorld,bread,1.54,3.05,5.48,4.45
04/05/2025,Auckland,NewWorld,bread,1.54,2.95,0.0,-3.28
05/05/2025,Auckland,NewWorld,bread,1.46,2.92,-5.19,-1.02
06/05/2025,Auckland,NewWorld,bread,1.56,3.06,6.85,4.79
07/05/2025,Auckland,NewWorld,bread,1.54,3.14,-1.28,2.61
08/05/2025,Auckland,NewWorld,bread,1.48,3.12,-3.9,-0.64
09/05/2025,Auckland,NewWorld,bread,1.55,3.18,4.73,1.92
10/05/2025,Auckland,NewWorld,bread,1.45,2.95,-6.45,-7.23
11/05/2025,Auckland,NewWorld,bread,1.54,3.0,6.21,1.69
12/05/2025,Auckland,NewWorld,bread,1.53,3.2,-0.65,6.67
13/05/2025,Auckland,NewWorld,bread,1.46,3.12,-4.58,-2.5
14/05/2025,Auckland,NewWorld,bread,1.54,2.92,5.48,-6.41
15/05/2025,Auckland,NewWorld,bread,1.44,2.97,-6.49,1.71
16/05/2025,Auckland,NewWorld,bread,1.47,3.03,2.08,2.02
17/05/2025,Auckland,NewWorld,bread,1.47,3.06,0.0,0.99
18/05/2025,Auckland,NewWorld,bread,1.5,3.17,2.04,3.59
19/05/2025,Auckland,NewWorld,bread,1.42,3.07,-5.33,-3.15
20/05/2025,Auckland,NewWorld,bread,1.54,3.1,8.45,0.98
21/05/2025,Auckland,NewWorld,bread,1.44,3.16,-6.49,1.94
22/05/2025,Auckland,NewWorld,bread,1.47,3.05,2.08,-3.48
23/05/2025,Auckland,NewWorld,bread,1.46,3.01,-0.68,-1.31
24/05/2025,Auckland,NewWorld,bread,1.49,2.94,2.05,-2.33
25/05/2025,Auckland,NewWorld,bread,1.47,2.95,-1.34,0.34
26/05/2025,Auckland,NewWorld,bread,1.42,3.01,-3.4,2.03
27/05/2025,Auckland,NewWorld,bread,1.52,2.94,7.04,-2.33
28/05/2025,Auckland,NewWorld,bread,1.45,3.19,-4.61,8.5
29/05/2025,Auckland,NewWorld,bread,1.43,3.05,-1.38,-4.39
30/05/2025,Auckland,NewWorld,bread,1.5,3.09,4.9,1.31
31/05/2025,Auckland,NewWorld,bread,1.55,3.0,3.33,-2.91
01/06/2025,Auckland,NewWorld,bread,1.45,3.19,-6.45,6.33
02/06/2025,Auckland,NewWorld,bread,1.46,3.17,0.69,-0.63
03/06/2025,Auckland,NewWorld,bread,1.49,3.13,2.05,-1.26
30/04/2025,Auckland,NewWorld,butter,4.35,8.09,,
01/05/2025,Auckland,NewWorld,butter,4.14,7.56,-4.83,-6.55
02/05/2025,Auckland,NewWorld,butter,4.19,8.29,1.21,9.66
03/05/2025,Auckland,NewWorld,butter,4.49,7.83,7.16,-5.55
04/05/2025,Auckland,NewWorld,butter,4.42,8.07,-1.56,3.07
05/05/2025,Auckland,NewWorld,butter,4.31,8.29,-2.49,2.73
06/05/2025,Auckland,NewWorld,butter,4.39,7.85,1.86,-5.31
07/05/2025,Auckland,NewWorld,butter,4.29,7.99,-2.28,1.78
08/05/2025,Auckland,NewWorld,butter,4.46,8.07,3.96,1.0
09/05/2025,Auckland,NewWorld,butter,4.3,8.04,-3.59,-0.37
10/05/2025,Auckland,NewWorld,butter,4.22,7.64,-1.86,-4.98
11/05/2025,Auckland,NewWorld,butter,4.43,8.11,4.98,6.15
12/05/2025,Auckland,NewWorld,butter,4.46,7.69,0.68,-5.18
13/05/2025,Auckland,NewWorld,butter,4.47,7.84,0.22,1.95
14/05/2025,Auckland,NewWorld,butter,4.1,7.63,-8.28,-2.68
15/05/2025,Auckland,NewWorld,butter,4.18,8.15,1.95,6.82
16/05/2025,Auckland,NewWorld,butter,4.12,7.56,-1.44,-7.24
17/05/2025,Auckland,NewWorld,butter,4.09,8.12,-0.73,7.41
18/05/2025,Auckland,NewWorld,butter,4.15,7.98,1.47,-1.72
19/05/2025,Auckland,NewWorld,butter,4.19,7.58,0.96,-5.01
20/05/2025,Auckland,NewWorld,butter,4.25,8.03,1.43,5.94
21/05/2025,Auckland,NewWorld,butter,4.14,8.24,-2.59,2.62
22/05/2025,Auckland,NewWorld,butter,4.28,8.18,3.38,-0.73
23/05/2025,Auckland,NewWorld,butter,4.33,8.03,1.17,-1.83
24/05/2025,Auckland,NewWorld,butter,4.14,7.71,-4.39,-3.99
25/05/2025,Auckland,NewWorld,butter,4.3,7.67,3.86,-0.52
26/05/2025,Auckland,NewWorld,butter,4.08,8.22,-5.12,7.17
27/05/2025,Auckland,NewWorld,butter,4.26,7.61,4.41,-7.42
28/05/2025,Auckland,NewWorld,butter,4.47,7.63,4.93,0.26
29/05/2025,Auckland,NewWorld,butter,4.33,7.63,-3.13,0.0
30/05/2025,Auckland,NewWorld,butter,4.28,8.2,-1.15,7.47
31/05/2025,Auckland,NewWorld,butter,4.45,7.9,3.97,-3.66
01/06/2025,Auckland,NewWorld,butter,4.13,7.55,-7.19,-4.43
02/06/2025,Auckland,NewWorld,butter,4.24,7.6,2.66,0.66
03/06/2025,Auckland,NewWorld,butter,4.16,8.03,-1.89,5.66
30/04/2025,Auckland,NewWorld,egg,7.74,8.98,,
01/05/2025,Auckland,NewWorld,egg,7.85,8.54,1.42,-4.9
02/05/2025,Auckland,NewWorld,egg,7.78,9.3,-0.89,8.9
03/05/2025,Auckland,NewWorld,egg,7.52,8.93,-3.34,-3.98
04/05/2025,Auckland,NewWorld,egg,7.76,9.27,3.19,3.81
05/05/2025,Auckland,NewWorld,egg,7.36,8.55,-5.15,-7.77
06/05/2025,Auckland,NewWorld,egg,7.78,8.9,5.71,4.09
07/05/2025,Auckland,NewWorld,egg,7.35,8.65,-5.53,-2.81
08/05/2025,Auckland,NewWorld,egg,7.76,8.89,5.58,2.77
09/05/2025,Auckland,NewWorld,egg,7.17,8.67,-7.6,-2.47
10/05/2025,Auckland,NewWorld,egg,7.66,9.11,6.83,5.07
11/05/2025,Auckland,NewWorld,egg,7.26,9.32,-5.22,2.31
12/05/2025,Auckland,NewWorld,egg,7.21,9.28,-0.69,-0.43
13/05/2025,Auckland,NewWorld,egg,7.69,8.59,6.66,-7.44
14/05/2025,Auckland,NewWorld,egg,7.67,9.18,-0.26,6.87
15/05/2025,Auckland,NewWorld,egg,7.44,8.93,-3.0,-2.72
16/05/2025,Auckland,NewWorld,egg,7.78,9.34,4.57,4.59
17/05/2025,Auckland,NewWorld,egg,7.24,9.04,-6.94,-3.21
18/05/2025,Auckland,NewWorld,egg,7.63,8.77,5.39,-2.99
19/05/2025,Auckland,NewWorld,egg,7.73,9.32,1.31,6.27
20/05/2025,Auckland,NewWorld,egg,7.81,8.62,1.03,-7.51
21/05/2025,Auckland,NewWorld,egg,7.17,9.07,-8.19,5.22
22/05/2025,Auckland,NewWorld,egg,7.43,8.89,3.63,-1.98
23/05/2025,Auckland,NewWorld,egg,7.59,8.82,2.15,-0.79
24/05/2025,Auckland,NewWorld,egg,7.39,9.11,-2.64,3.29
25/05/2025,Auckland,NewWorld,egg,7.55,8.83,2.17,-3.07
26/05/2025,Auckland,NewWorld,egg,7.3,8.59,-3.31,-2.72
27/05/2025,Auckland,NewWorld,egg,7.35,9.09,0.68,5.82
28/05/2025,Auckland,NewWorld,egg,7.59,8.68,3.27,-4.51
29/05/2025,Auckland,NewWorld,egg,7.4,8.83,-2.5,1.73
30/05/2025,Auckland,NewWorld,egg,7.64,9.23,3.24,4.53
31/05/2025,Auckland,NewWorld,egg,7.8,9.27,2.09,0.43
01/06/2025,Auckland,NewWorld,egg,7.45,9.06,-4.49,-2.27
02/06/2025,Auckland,NewWorld,egg,7.55,8.64,1.34,-4.64
03/06/2025,Auckland,NewWorld,egg,7.23,8.65,-4.24,0.12
30/04/2025,Auckland,NewWorld,milk,3.13,4.7,,
01/05/2025,Auckland,NewWorld,milk,3.09,4.83,-1.28,2.77
02/05/2025,Auckland,NewWorld,milk,3.08,4.77,-0.32,-1.24
03/05/2025,Auckland,NewWorld,milk,2.93,5.03,-4.87,5.45
04/05/2025,Auckland,NewWorld,milk,2.92,5.0,-0.34,-0.6
05/05/2025,Auckland,NewWorld,milk,2.86,4.7,-2.05,-6.0
06/05/2025,Auckland,NewWorld,milk,3.03,4.96,5.94,5.53
07/05/2025,Auckland,NewWorld,milk,3.05,4.67,0.66,-5.85
08/05/2025,Auckland,NewWorld,milk,3.05,4.92,0.0,5.35
09/05/2025,Auckland,NewWorld,milk,2.94,4.78,-3.61,-2.85
10/05/2025,Auckland,NewWorld,milk,2.94,4.9,0.0,2.51
11/05/2025,Auckland,NewWorld,milk,2.99,4.75,1.7,-3.06
12/05/2025,Auckland,NewWorld,milk,2.88,4.95,-3.68,4.21
13/05/2025,Auckland,NewWorld,milk,2.85,4.68,-1.04,-5.45
14/05/2025,Auckland,NewWorld,milk,3.01,4.78,5.61,2.14
15/05/2025,Auckland,NewWorld,milk,3.1,4.85,2.99,1.46
16/05/2025,Auckland,NewWorld,milk,3.05,5.01,-1.61,3.3
17/05/2025,Auckland,NewWorld,milk,3.08,4.93,0.98,-1.6
18/05/2025,Auckland,NewWorld,milk,2.97,5.02,-3.57,1.83
19/05/2025,Auckland,NewWorld,milk,3.04,4.65,2.36,-7.37
20/05/2025,Auckland,NewWorld,milk,3.13,4.7,2.96,1.08
21/05/2025,Auckland,NewWorld,milk,2.97,4.61,-5.11,-1.91
22/05/2025,Auckland,NewWorld,milk,3.07,4.92,3.37,6.72
23/05/2025,Auckland,NewWorld,milk,2.92,4.95,-4.89,0.61
24/05/2025,Auckland,NewWorld,milk,2.91,4.79,-0.34,-3.23
25/05/2025,Auckland,NewWorld,milk,2.95,4.84,1.37,1.04
26/05/2025,Auckland,NewWorld,milk,2.99,4.6,1.36,-4.96
27/05/2025,Auckland,NewWorld,milk,2.85,4.6,-4.68,0.0
28/05/2025,Auckland,NewWorld,milk,2.97,4.78,4.21,3.91
29/05/2025,Auckland,NewWorld,milk,2.92,4.74,-1.68,-0.84
30/05/2025,Auckland,NewWorld,milk,2.89,4.93,-1.03,4.01
31/05/2025,Auckland,NewWorld,milk,3.1,4.77,7.27,-3.25
01/06/2025,Auckland,NewWorld,milk,2.96,5.04,-4.52,5.66
02/06/2025,Auckland,NewWorld,milk,2.99,4.95,1.01,-1.79
03/06/2025,Auckland,NewWorld,milk,3.01,4.64,0.67,-6.26
30/04/2025,Auckland,Paknsave,beef,18.86,26.04,,
01/05/2025,Auckland,Paknsave,beef,17.23,23.73,-8.64,-8.87
02/05/2025,Auckland,Paknsave,beef,18.25,24.39,5.92,2.78
03/05/2025,Auckland,Paknsave,beef,17.42,26.03,-4.55,6.72
04/05/2025,Auckland,Paknsave,beef,18.61,25.19,6.83,-3.23
05/05/2025,Auckland,Paknsave,beef,17.88,25.11,-3.92,-0.32
06/05/2025,Auckland,Paknsave,beef,18.16,24.01,1.57,-4.38
07/05/2025,Auckland,Paknsave,beef,18.84,24.94,3.74,3.87
08/05/2025,Auckland,Paknsave,beef,17.55,25.3,-6.85,1.44
09/05/2025,Auckland,Paknsave,beef,17.97,25.26,2.39,-0.16
10/05/2025,Auckland,Paknsave,beef,18.76,23.68,4.4,-6.25
11/05/2025,Auckland,Paknsave,beef,18.43,23.91,-1.76,0.97
12/05/2025,Auckland,Paknsave,beef,18.79,26.05,1.95,8.95
13/05/2025,Auckland,Paknsave,beef,17.96,25.23,-4.42,-3.15
14/05/2025,Auckland,Paknsave,beef,18.81,24.67,4.73,-2.22
15/05/2025,Auckland,Paknsave,beef,18.88,24.44,0.37,-0.93
16/05/2025,Auckland,Paknsave,beef,18.22,25.38,-3.5,3.85
17/05/2025,Auckland,Paknsave,beef,18.88,24.23,3.62,-4.53
18/05/2025,Auckland,Paknsave,beef,18.06,25.14,-4.34,3.76
19/05/2025,Auckland,Paknsave,beef,17.7,24.7,-1.99,-1.75
20/05/2025,Auckland,Paknsave,beef,18.88,24.79,6.67,0.36
21/05/2025,Auckland,Paknsave,beef,18.01,24.59,-4.61,-0.81
22/05/2025,Auckland,Paknsave,beef,17.17,25.81,-4.66,4.96
23/05/2025,Auckland,Paknsave,beef,18.67,26.13,8.74,1.24
24/05/2025,Auckland,Paknsave,beef,18.45,24.51,-1.18,-6.2
25/05/2025,Auckland,Paknsave,beef,17.36,24.22,-5.91,-1.18
26/05/2025,Auckland,Paknsave,beef,18.18,24.81,4.72,2.44
27/05/2025,Auckland,Paknsave,beef,18.44,23.67,1.43,-4.59
28/05/2025,Auckland,Paknsave,beef,17.34,25.81,-5.97,9.04
29/05/2025,Auckland,Paknsave,beef,17.23,24.32,-0.63,-5.77
30/05/2025,Auckland,Paknsave,beef,17.86,26.03,3.66,7.03
31/05/2025,Auckland,Paknsave,beef,18.38,24.45,2.91,-6.07
01/06/2025,Auckland,Paknsave,beef,17.37,24.81,-5.5,1.47
02/06/2025,Auckland,Paknsave,beef,17.67,25.2,1.73,1.57
03/06/2025,Auckland,Paknsave,beef,17.2,25.07,-2.66,-0.52
30/04/2025,Auckland,Paknsave,bread,1.44,2.59,,
01/05/2025,Auckland,Paknsave,bread,1.32,2.53,-8.33,-2.32
02/05/2025,Auckland,Paknsave,bread,1.44,2.55,9.09,0.79
03/05/2025,Auckland,Paknsave,bread,1.32,2.44,-8.33,-4.31
04/05/2025,Auckland,Paknsave,bread,1.43,2.63,8.33,7.79
05/05/2025,Auckland,Paknsave,bread,1.37,2.45,-4.2,-6.84
06/05/2025,Auckland,Paknsave,bread,1.37,2.56,0.0,4.49
07/05/2025,Auckland,Paknsave,bread,1.46,2.43,6.57,-5.08
08/05/2025,Auckland,Paknsave,bread,1.45,2.5,-0.68,2.88
09/05/2025,Auckland,Paknsave,bread,1.33,2.62,-8.28,4.8
10/05/2025,Auckland,Paknsave,bread,1.38,2.5,3.76,-4.58
11/05/2025,Auckland,Paknsave,bread,1.32,2.58,-4.35,3.2
12/05/2025,Auckland,Paknsave,bread,1.36,2.52,3.03,-2.33
13/05/2025,Auckland,Paknsave,bread,1.44,2.66,5.88,5.56
14/05/2025,Auckland,Paknsave,bread,1.34,2.49,-6.94,-6.39
15/05/2025,Auckland,Paknsave,bread,1.41,2.61,5.22,4.82
16/05/2025,Auckland,Paknsave,bread,1.44,2.6,2.13,-0.38
17/05/2025,Auckland,Paknsave,bread,1.42,2.6,-1.39,0.0
18/05/2025,Auckland,Paknsave,bread,1.38,2.64,-2.82,1.54
19/05/2025,Auckland,Paknsave,bread,1.42,2.55,2.9,-3.41
20/05/2025,Auckland,Paknsave,bread,1.43,2.5,0.7,-1.96
21/05/2025,Auckland,Paknsave,bread,1.42,2.64,-0.7,5.6
22/05/2025,Auckland,Paknsave,bread,1.4,2.56,-1.41,-3.03
23/05/2025,Auckland,Paknsave,bread,1.43,2.57,2.14,0.39
24/05/2025,Auckland,Paknsave,bread,1.35,2.67,-5.59,3.89
25/05/2025,Auckland,Paknsave,bread,1.41,2.56,4.44,-4.12
26/05/2025,Auckland,Paknsave,bread,1.38,2.46,-2.13,-3.91
27/05/2025,Auckland,Paknsave,bread,1.35,2.63,-2.17,6.91
28/05/2025,Auckland,Paknsave,bread,1.4,2.53,3.7,-3.8
29/05/2025,Auckland,Paknsave,bread,1.44,2.47,2.86,-2.37
30/05/2025,Auckland,Paknsave,bread,1.42,2.42,-1.39,-2.02
31/05/2025,Auckland,Paknsave,bread,1.35,2.45,-4.93,1.24
01/06/2025,Auckland,Paknsave,bread,1.46,2.48,8.15,1.22
02/06/2025,Auckland,Paknsave,bread,1.42,2.53,-2.74,2.02
03/06/2025,Auckland,Paknsave,bread,1.36,2.65,-4.23,4.74
30/04/2025,Auckland,Paknsave,butter,1.8,6.02,,
01/05/2025,Auckland,Paknsave,butter,1.79,6.0,-0.56,-0.33
02/05/2025,Auckland,Paknsave,butter,1.71,5.98,-4.47,-0.33
03/05/2025,Auckland,Paknsave,butter,1.74,5.69,1.75,-4.85
04/05/2025,Auckland,Paknsave,butter,1.86,6.01,6.9,5.62
05/05/2025,Auckland,Paknsave,butter,1.78,5.9,-4.3,-1.83
06/05/2025,Auckland,Paknsave,butter,1.86,5.82,4.49,-1.36
07/05/2025,Auckland,Paknsave,butter,1.86,6.0,0.0,3.09
08/05/2025,Auckland,Paknsave,butter,1.81,6.0,-2.69,0.0
09/05/2025,Auckland,Paknsave,butter,1.82,5.78,0.55,-3.67
10/05/2025,Auckland,Paknsave,butter,1.88,5.73,3.3,-0.87
11/05/2025,Auckland,Paknsave,butter,1.81,5.91,-3.72,3.14
12/05/2025,Auckland,Paknsave,butter,1.74,5.65,-3.87,-4.4
13/05/2025,Auckland,Paknsave,butter,1.8,5.49,3.45,-2.83
14/05/2025,Auckland,Paknsave,butter,1.77,5.88,-1.67,7.1
15/05/2025,Auckland,Paknsave,butter,1.75,5.75,-1.13,-2.21
16/05/2025,Auckland,Paknsave,butter,1.78,5.83,1.71,1.39
17/05/2025,Auckland,Paknsave,butter,1.86,5.8,4.49,-0.51
18/05/2025,Auckland,Paknsave,butter,1.82,5.87,-2.15,1.21
19/05/2025,Auckland,Paknsave,butter,1.74,5.86,-4.4,-0.17
20/05/2025,Auckland,Paknsave,butter,1.78,5.91,2.3,0.85
21/05/2025,Auckland,Paknsave,butter,1.75,5.54,-1.69,-6.26
22/05/2025,Auckland,Paknsave,butter,1.81,5.69,3.43,2.71
23/05/2025,Auckland,Paknsave,butter,1.83,5.98,1.1,5.1
24/05/2025,Auckland,Paknsave,butter,1.74,5.95,-4.92,-0.5
25/05/2025,Auckland,Paknsave,butter,1.8,5.56,3.45,-6.55
26/05/2025,Auckland,Paknsave,butter,1.81,5.54,0.56,-0.36
27/05/2025,Auckland,Paknsave,butter,1.87,5.75,3.31,3.79
28/05/2025,Auckland,Paknsave,butter,1.88,5.57,0.53,-3.13
29/05/2025,Auckland,Paknsave,butter,1.87,5.66,-0.53,1.62
30/05/2025,Auckland,Paknsave,butter,1.81,5.76,-3.21,1.77
31/05/2025,Auckland,Paknsave,butter,1.78,5.48,-1.66,-4.86
01/06/2025,Auckland,Paknsave,butter,1.87,5.89,5.06,7.48
02/06/2025,Auckland,Paknsave,butter,1.8,5.46,-3.74,-7.3
03/06/2025,Auckland,Paknsave,butter,1.78,5.9,-1.11,8.06
30/04/2025,Auckland,Paknsave,egg,6.71,11.27,,
01/05/2025,Auckland,Paknsave,egg,7.18,11.75,7.0,4.26
02/05/2025,Auckland,Paknsave,egg,7.25,11.17,0.97,-4.94
03/05/2025,Auckland,Paknsave,egg,6.95,11.55,-4.14,3.4
04/05/2025,Auckland,Paknsave,egg,7.22,11.15,3.88,-3.46
05/05/2025,Auckland,Paknsave,egg,6.88,11.84,-4.71,6.19
06/05/2025,Auckland,Paknsave,egg,7.32,11.52,6.4,-2.7
07/05/2025,Auckland,Paknsave,egg,6.76,10.86,-7.65,-5.73
08/05/2025,Auckland,Paknsave,egg,7.02,10.96,3.85,0.92
09/05/2025,Auckland,Paknsave,egg,6.9,11.03,-1.71,0.64
10/05/2025,Auckland,Paknsave,egg,6.77,11.44,-1.88,3.72
11/05/2025,Auckland,Paknsave,egg,7.04,10.98,3.99,-4.02
12/05/2025,Auckland,Paknsave,egg,7.34,10.76,4.26,-2.0
13/05/2025,Auckland,Paknsave,egg,7.28,11.7,-0.82,8.74
14/05/2025,Auckland,Paknsave,egg,7.09,11.81,-2.61,0.94
15/05/2025,Auckland,Paknsave,egg,6.99,11.47,-1.41,-2.88
16/05/2025,Auckland,Paknsave,egg,6.77,11.46,-3.15,-0.09
17/05/2025,Auckland,Paknsave,egg,6.98,11.76,3.1,2.62
18/05/2025,Auckland,Paknsave,egg,6.9,11.65,-1.15,-0.94
19/05/2025,Auckland,Paknsave,egg,6.87,11.82,-0.43,1.46
20/05/2025,Auckland,Paknsave,egg,6.9,11.75,0.44,-0.59
21/05/2025,Auckland,Paknsave,egg,6.88,11.19,-0.29,-4.77
22/05/2025,Auckland,Paknsave,egg,7.19,11.03,4.51,-1.43
23/05/2025,Auckland,Paknsave,egg,7.01,10.87,-2.5,-1.45
24/05/2025,Auckland,Paknsave,egg,6.83,11.27,-2.57,3.68
25/05/2025,Auckland,Paknsave,egg,6.72,11.84,-1.61,5.06
26/05/2025,Auckland,Paknsave,egg,7.3,10.93,8.63,-7.69
27/05/2025,Auckland,Paknsave,egg,7.06,11.3,-3.29,3.39
28/05/2025,Auckland,Paknsave,egg,7.15,10.87,1.27,-3.81
29/05/2025,Auckland,Paknsave,egg,7.03,11.2,-1.68,3.04
30/05/2025,Auckland,Paknsave,egg,7.18,11.82,2.13,5.54
31/05/2025,Auckland,Paknsave,egg,7.33,11.74,2.09,-0.68
01/06/2025,Auckland,Paknsave,egg,6.79,11.75,-7.37,0.09
02/06/2025,Auckland,Paknsave,egg,7.04,11.39,3.68,-3.06
03/06/2025,Auckland,Paknsave,egg,6.95,11.23,-1.28,-1.4
30/04/2025,Auckland,Paknsave,milk,2.94,4.82,,
01/05/2025,Auckland,Paknsave,milk,3.06,4.92,4.08,2.07
02/05/2025,Auckland,Paknsave,milk,3.04,5.15,-0.65,4.67
03/05/2025,Auckland,Paknsave,milk,2.89,4.94,-4.93,-4.08
04/05/2025,Auckland,Paknsave,milk,2.82,4.97,-2.42,0.61
05/05/2025,Auckland,Paknsave,milk,2.8,4.99,-0.71,0.4
06/05/2025,Auckland,Paknsave,milk,2.87,5.03,2.5,0.8
07/05/2025,Auckland,Paknsave,milk,2.94,4.81,2.44,-4.37
08/05/2025,Auckland,Paknsave,milk,3.01,5.19,2.38,7.9
09/05/2025,Auckland,Paknsave,milk,2.82,4.86,-6.31,-6.36
10/05/2025,Auckland,Paknsave,milk,3.0,5.18,6.38,6.58
11/05/2025,Auckland,Paknsave,milk,2.95,4.81,-1.67,-7.14
12/05/2025,Auckland,Paknsave,milk,2.87,4.88,-2.71,1.46
13/05/2025,Auckland,Paknsave,milk,2.87,5.01,0.0,2.66
14/05/2025,Auckland,Paknsave,milk,2.87,4.89,0.0,-2.4
15/05/2025,Auckland,Paknsave,milk,2.82,4.9,-1.74,0.2
16/05/2025,Auckland,Paknsave,milk,2.95,5.03,4.61,2.65
17/05/2025,Auckland,Paknsave,milk,2.9,5.13,-1.69,1.99
18/05/2025,Auckland,Paknsave,milk,2.81,5.25,-3.1,2.34
19/05/2025,Auckland,Paknsave,milk,2.99,4.78,6.41,-8.95
20/05/2025,Auckland,Paknsave,milk,3.02,5.15,1.0,7.74
21/05/2025,Auckland,Paknsave,milk,2.8,5.24,-7.28,1.75
22/05/2025,Auckland,Paknsave,milk,2.91,4.93,3.93,-5.92
23/05/2025,Auckland,Paknsave,milk,2.96,5.17,1.72,4.87
24/05/2025,Auckland,Paknsave,milk,2.89,5.27,-2.36,1.93
25/05/2025,Auckland,Paknsave,milk,2.94,5.12,1.73,-2.85
26/05/2025,Auckland,Paknsave,milk,2.96,5.17,0.68,0.98
27/05/2025,Auckland,Paknsave,milk,2.88,5.11,-2.7,-1.16
28/05/2025,Auckland,Paknsave,milk,2.99,5.24,3.82,2.54
29/05/2025,Auckland,Paknsave,milk,2.86,5.12,-4.35,-2.29
30/05/2025,Auckland,Paknsave,milk,3.06,4.8,6.99,-6.25
31/05/2025,Auckland,Paknsave,milk,3.06,4.79,0.0,-0.21
01/06/2025,Auckland,Paknsave,milk,3.0,5.26,-1.96,9.81
02/06/2025,Auckland,Paknsave,milk,2.99,4.97,-0.33,-5.51
03/06/2025,Auckland,Paknsave,milk,3.05,5.21,2.01,4.83
30/04/2025,Christchurch,NewWorld,beef,20.37,25.81,,
01/05/2025,Christchurch,NewWorld,beef,19.54,25.13,-4.07,-2.63
02/05/2025,Christchurch,NewWorld,beef,20.62,26.16,5.53,4.1
03/05/2025,Christchurch,NewWorld,beef,20.51,25.01,-0.53,-4.4
04/05/2025,Christchurch,NewWorld,beef,19.78,24.42,-3.56,-2.36
05/05/2025,Christchurch,NewWorld,beef,20.26,25.8,2.43,5.65
06/05/2025,Christchurch,NewWorld,beef,19.67,24.33,-2.91,-5.7
07/05/2025,Christchurch,NewWorld,beef,21.34,25.25,8.49,3.78
08/05/2025,Christchurch,NewWorld,beef,21.13,24.93,-0.98,-1.27
09/05/2025,Christchurch,NewWorld,beef,20.31,25.05,-3.88,0.48
10/05/2025,Christchurch,NewWorld,beef,21.29,24.57,4.83,-1.92
11/05/2025,Christchurch,NewWorld,beef,21.21,25.2,-0.38,2.56
12/05/2025,Christchurch,NewWorld,beef,19.74,24.47,-6.93,-2.9
13/05/2025,Christchurch,NewWorld,beef,20.25,26.46,2.58,8.13
14/05/2025,Christchurch,NewWorld,beef,19.65,24.48,-2.96,-7.48
15/05/2025,Christchurch,NewWorld,beef,19.51,26.52,-0.71,8.33
16/05/2025,Christchurch,NewWorld,beef,21.16,26.09,8.46,-1.62
17/05/2025,Christchurch,NewWorld,beef,20.79,26.47,-1.75,1.46
18/05/2025,Christchurch,NewWorld,beef,21.42,25.67,3.03,-3.02
19/05/2025,Christchurch,NewWorld,beef,21.38,24.52,-0.19,-4.48
20/05/2025,Christchurch,NewWorld,beef,20.8,24.7,-2.71,0.73
21/05/2025,Christchurch,NewWorld,beef,21.07,26.37,1.3,6.76
22/05/2025,Christchurch,NewWorld,beef,20.43,26.21,-3.04,-0.61
23/05/2025,Christchurch,NewWorld,beef,19.74,25.9,-3.38,-1.18
24/05/2025,Christchurch,NewWorld,beef,20.0,25.45,1.32,-1.74
25/05/2025,Christchurch,NewWorld,beef,21.15,25.52,5.75,0.28
26/05/2025,Christchurch,NewWorld,beef,20.42,24.84,-3.45,-2.66
27/05/2025,Christchurch,NewWorld,beef,20.15,25.87,-1.32,4.15
28/05/2025,Christchurch,NewWorld,beef,21.41,25.51,6.25,-1.39
29/05/2025,Christchurch,NewWorld,beef,21.21,25.61,-0.93,0.39
30/05/2025,Christchurch,NewWorld,beef,21.35,25.12,0.66,-1.91
31/05/2025,Christchurch,NewWorld,beef,20.22,26.39,-5.29,5.06
01/06/2025,Christchurch,NewWorld,beef,20.22,24.62,0.0,-6.71
02/06/2025,Christchurch,NewWorld,beef,21.46,25.33,6.13,2.88
03/06/2025,Christchurch,NewWorld,beef,20.52,25.49,-4.38,0.63
30/04/2025,Christchurch,NewWorld,bread,1.53,2.84,,
01/05/2025,Christchurch,NewWorld,bread,1.45,3.0,-5.23,5.63
02/05/2025,Christchurch,NewWorld,bread,1.55,2.83,6.9,-5.67
03/05/2025,Christchurch,NewWorld,bread,1.45,2.84,-6.45,0.35
04/05/2025,Christchurch,NewWorld,bread,1.53,3.08,5.52,8.45
05/05/2025,Christchurch,NewWorld,bread,1.48,2.92,-3.27,-5.19
06/05/2025,Christchurch,NewWorld,bread,1.56,3.07,5.41,5.14
07/05/2025,Christchurch,NewWorld,bread,1.51,3.06,-3.21,-0.33
08/05/2025,Christchurch,NewWorld,bread,1.43,3.07,-5.3,0.33
09/05/2025,Christchurch,NewWorld,bread,1.51,2.88,5.59,-6.19
10/05/2025,Christchurch,NewWorld,bread,1.5,2.97,-0.66,3.12
11/05/2025,Christchurch,NewWorld,bread,1.42,2.96,-5.33,-0.34
12/05/2025,Christchurch,NewWorld,bread,1.51,2.83,6.34,-4.39
13/05/2025,Christchurch,NewWorld,bread,1.48,2.93,-1.99,3.53
14/05/2025,Christchurch,NewWorld,bread,1.43,2.87,-3.38,-2.05
15/05/2025,Christchurch,NewWorld,bread,1.49,2.88,4.2,0.35
16/05/2025,Christchurch,NewWorld,bread,1.55,3.01,4.03,4.51
17/05/2025,Christchurch,NewWorld,bread,1.45,3.09,-6.45,2.66
18/05/2025,Christchurch,NewWorld,bread,1.44,2.92,-0.69,-5.5
19/05/2025,Christchurch,NewWorld,bread,1.51,2.83,4.86,-3.08
20/05/2025,Christchurch,NewWorld,bread,1.49,2.88,-1.32,1.77
21/05/2025,Christchurch,NewWorld,bread,1.49,3.07,0.0,6.6
22/05/2025,Christchurch,NewWorld,bread,1.55,2.83,4.03,-7.82
23/05/2025,Christchurch,NewWorld,bread,1.56,2.99,0.65,5.65
24/05/2025,Christchurch,NewWorld,bread,1.46,2.86,-6.41,-4.35
25/05/2025,Christchurch,NewWorld,bread,1.51,3.11,3.42,8.74
26/05/2025,Christchurch,NewWorld,bread,1.44,3.0,-4.64,-3.54
27/05/2025,Christchurch,NewWorld,bread,1.5,2.96,4.17,-1.33
28/05/2025,Christchurch,NewWorld,bread,1.53,2.89,2.0,-2.36
29/05/2025,Christchurch,NewWorld,bread,1.43,2.87,-6.54,-0.69
30/05/2025,Christchurch,NewWorld,bread,1.51,2.9,5.59,1.05
31/05/2025,Christchurch,NewWorld,bread,1.56,3.08,3.31,6.21
01/06/2025,Christchurch,NewWorld,bread,1.5,3.03,-3.85,-1.62
02/06/2025,Christchurch,NewWorld,bread,1.56,3.11,4.0,2.64
03/06/2025,Christchurch,NewWorld,bread,1.49,3.11,-4.49,0.0
30/04/2025,Christchurch,NewWorld,butter,3.1,8.11,,
01/05/2025,Christchurch,NewWorld,butter,2.86,8.61,-7.74,6.17
02/05/2025,Christchurch,NewWorld,butter,3.08,7.82,7.69,-9.18
03/05/2025,Christchurch,NewWorld,butter,3.01,8.48,-2.27,8.44
04/05/2025,Christchurch,NewWorld,butter,3.02,7.94,0.33,-6.37
05/05/2025,Christchurch,NewWorld,butter,2.84,7.82,-5.96,-1.51
06/05/2025,Christchurch,NewWorld,butter,3.03,7.89,6.69,0.9
07/05/2025,Christchurch,NewWorld,butter,3.01,8.21,-0.66,4.06
08/05/2025,Christchurch,NewWorld,butter,3.0,8.28,-0.33,0.85
09/05/2025,Christchurch,NewWorld,butter,2.86,8.0,-4.67,-3.38
10/05/2025,Christchurch,NewWorld,butter,2.97,7.97,3.85,-0.38
11/05/2025,Christchurch,NewWorld,butter,3.1,8.1,4.38,1.63
12/05/2025,Christchurch,NewWorld,butter,2.88,8.29,-7.1,2.35
13/05/2025,Christchurch,NewWorld,butter,3.06,8.05,6.25,-2.9
14/05/2025,Christchurch,NewWorld,butter,2.93,8.0,-4.25,-0.62
15/05/2025,Christchurch,NewWorld,butter,2.95,8.49,0.68,6.13
16/05/2025,Christchurch,NewWorld,butter,2.98,8.31,1.02,-2.12
17/05/2025,Christchurch,NewWorld,butter,3.04,7.9,2.01,-4.93
18/05/2025,Christchurch,NewWorld,butter,2.87,8.6,-5.59,8.86
19/05/2025,Christchurch,NewWorld,butter,3.07,8.24,6.97,-4.19
20/05/2025,Christchurch,NewWorld,butter,3.03,8.59,-1.3,4.25
21/05/2025,Christchurch,NewWorld,butter,3.0,8.28,-0.99,-3.61
22/05/2025,Christchurch,NewWorld,butter,3.14,8.2,4.67,-0.97
23/05/2025,Christchurch,NewWorld,butter,2.85,8.29,-9.24,1.1
24/05/2025,Christchurch,NewWorld,butter,3.02,8.58,5.96,3.5
25/05/2025,Christchurch,NewWorld,butter,3.1,7.95,2.65,-7.34
26/05/2025,Christchurch,NewWorld,butter,3.06,8.08,-1.29,1.64
27/05/2025,Christchurch,NewWorld,butter,3.1,8.57,1.31,6.06
28/05/2025,Christchurch,NewWorld,butter,3.02,8.06,-2.58,-5.95
29/05/2025,Christchurch,NewWorld,butter,2.91,8.13,-3.64,0.87
30/05/2025,Christchurch,NewWorld,butter,3.01,7.98,3.44,-1.85
31/05/2025,Christchurch,NewWorld,butter,2.91,8.5,-3.32,6.52
01/06/2025,Christchurch,NewWorld,butter,3.08,8.08,5.84,-4.94
02/06/2025,Christchurch,NewWorld,butter,2.92,8.48,-5.19,4.95
03/06/2025,Christchurch,NewWorld,butter,3.0,7.95,2.74,-6.25
30/04/2025,Christchurch,NewWorld,egg,9.95,10.53,,
01/05/2025,Christchurch,NewWorld,egg,9.04,10.39,-9.15,-1.33
02/05/2025,Christchurch,NewWorld,egg,9.68,11.18,7.08,7.6
03/05/2025,Christchurch,NewWorld,egg,9.47,10.34,-2.17,-7.51
04/05/2025,Christchurch,NewWorld,egg,9.76,10.53,3.06,1.84
05/05/2025,Christchurch,NewWorld,egg,9.76,10.84,0.0,2.94
06/05/2025,Christchurch,NewWorld,egg,9.31,11.06,-4.61,2.03
07/05/2025,Christchurch,NewWorld,egg,9.53,10.36,2.36,-6.33
08/05/2025,Christchurch,NewWorld,egg,9.47,11.28,-0.63,8.88
09/05/2025,Christchurch,NewWorld,egg,9.3,10.58,-1.8,-6.21
10/05/2025,Christchurch,NewWorld,egg,9.07,10.74,-2.47,1.51
11/05/2025,Christchurch,NewWorld,egg,9.14,11.1,0.77,3.35
12/05/2025,Christchurch,NewWorld,egg,9.42,11.24,3.06,1.26
13/05/2025,Christchurch,NewWorld,egg,9.52,10.23,1.06,-8.99
14/05/2025,Christchurch,NewWorld,egg,9.34,10.91,-1.89,6.65
15/05/2025,Christchurch,NewWorld,egg,9.22,10.29,-1.28,-5.68
16/05/2025,Christchurch,NewWorld,egg,9.09,10.32,-1.41,0.29
17/05/2025,Christchurch,NewWorld,egg,9.68,10.57,6.49,2.42
18/05/2025,Christchurch,NewWorld,egg,9.42,10.59,-2.69,0.19
19/05/2025,Christchurch,NewWorld,egg,9.82,10.33,4.25,-2.46
20/05/2025,Christchurch,NewWorld,egg,9.96,10.51,1.43,1.74
21/05/2025,Christchurch,NewWorld,egg,9.17,10.75,-7.93,2.28
22/05/2025,Christchurch,NewWorld,egg,9.45,10.85,3.05,0.93
23/05/2025,Christchurch,NewWorld,egg,9.06,10.8,-4.13,-0.46
24/05/2025,Christchurch,NewWorld,egg,9.68,10.68,6.84,-1.11
25/05/2025,Christchurch,NewWorld,egg,9.7,10.7,0.21,0.19
26/05/2025,Christchurch,NewWorld,egg,9.47,10.37,-2.37,-3.08
27/05/2025,Christchurch,NewWorld,egg,9.17,10.99,-3.17,5.98
28/05/2025,Christchurch,NewWorld,egg,9.73,10.43,6.11,-5.1
29/05/2025,Christchurch,NewWorld,egg,9.89,10.46,1.64,0.29
30/05/2025,Christchurch,NewWorld,egg,9.89,10.25,0.0,-2.01
31/05/2025,Christchurch,NewWorld,egg,9.75,10.47,-1.42,2.15
01/06/2025,Christchurch,NewWorld,egg,9.36,10.66,-4.0,1.81
02/06/2025,Christchurch,NewWorld,egg,9.58,11.22,2.35,5.25
03/06/2025,Christchurch,NewWorld,egg,9.59,11.08,0.1,-1.25
30/04/2025,Christchurch,NewWorld,milk,2.89,4.58,,
01/05/2025,Christchurch,NewWorld,milk,2.87,4.62,-0.69,0.87
02/05/2025,Christchurch,NewWorld,milk,2.85,4.8,-0.7,3.9
03/05/2025,Christchurch,NewWorld,milk,3.0,4.88,5.26,1.67
04/05/2025,Christchurch,NewWorld,milk,2.83,4.83,-5.67,-1.02
05/05/2025,Christchurch,NewWorld,milk,2.92,4.74,3.18,-1.86
06/05/2025,Christchurch,NewWorld,milk,3.07,5.0,5.14,5.49
07/05/2025,Christchurch,NewWorld,milk,3.08,4.7,0.33,-6.0
08/05/2025,Christchurch,NewWorld,milk,2.95,4.58,-4.22,-2.55
09/05/2025,Christchurch,NewWorld,milk,2.98,4.83,1.02,5.46
10/05/2025,Christchurch,NewWorld,milk,2.97,4.96,-0.34,2.69
11/05/2025,Christchurch,NewWorld,milk,2.85,4.8,-4.04,-3.23
12/05/2025,Christchurch,NewWorld,milk,2.88,4.79,1.05,-0.21
13/05/2025,Christchurch,NewWorld,milk,2.83,4.6,-1.74,-3.97
14/05/2025,Christchurch,NewWorld,milk,3.08,4.81,8.83,4.57
15/05/2025,Christchurch,NewWorld,milk,3.02,4.78,-1.95,-0.62
16/05/2025,Christchurch,NewWorld,milk,2.86,4.97,-5.3,3.97
17/05/2025,Christchurch,NewWorld,milk,2.93,4.66,2.45,-6.24
18/05/2025,Christchurch,NewWorld,milk,2.84,4.75,-3.07,1.93
19/05/2025,Christchurch,NewWorld,milk,3.03,5.0,6.69,5.26
20/05/2025,Christchurch,NewWorld,milk,2.81,4.63,-7.26,-7.4
21/05/2025,Christchurch,NewWorld,milk,2.96,5.03,5.34,8.64
22/05/2025,Christchurch,NewWorld,milk,3.06,4.98,3.38,-0.99
23/05/2025,Christchurch,NewWorld,milk,2.97,4.88,-2.94,-2.01
24/05/2025,Christchurch,NewWorld,milk,2.94,4.89,-1.01,0.2
25/05/2025,Christchurch,NewWorld,milk,2.89,4.61,-1.7,-5.73
26/05/2025,Christchurch,NewWorld,milk,2.81,4.86,-2.77,5.42
27/05/2025,Christchurch,NewWorld,milk,2.92,5.03,3.91,3.5
28/05/2025,Christchurch,NewWorld,milk,3.08,4.7,5.48,-6.56
29/05/2025,Christchurch,NewWorld,milk,2.91,4.89,-5.52,4.04
30/05/2025,Christchurch,NewWorld,milk,2.81,5.03,-3.44,2.86
31/05/2025,Christchurch,NewWorld,milk,3.04,4.76,8.19,-5.37
01/06/2025,Christchurch,NewWorld,milk,2.93,5.01,-3.62,5.25
02/06/2025,Christchurch,NewWorld,milk,2.98,4.97,1.71,-0.8
03/06/2025,Christchurch,NewWorld,milk,2.87,5.03,-3.69,1.21
30/04/2025,Christchurch,Paknsave,beef,18.86,26.72,,
01/05/2025,Christchurch,Paknsave,beef,18.9,26.59,0.21,-0.49
02/05/2025,Christchurch,Paknsave,beef,18.5,24.91,-2.12,-6.32
03/05/2025,Christchurch,Paknsave,beef,19.49,25.21,5.35,1.2
04/05/2025,Christchurch,Paknsave,beef,18.57,25.73,-4.72,2.06
05/05/2025,Christchurch,Paknsave,beef,18.53,24.5,-0.22,-4.78
06/05/2025,Christchurch,Paknsave,beef,19.7,25.61,6.31,4.53
07/05/2025,Christchurch,Paknsave,beef,18.7,25.01,-5.08,-2.34
08/05/2025,Christchurch,Paknsave,beef,20.23,25.17,8.18,0.64
09/05/2025,Christchurch,Paknsave,beef,19.38,26.56,-4.2,5.52
10/05/2025,Christchurch,Paknsave,beef,18.78,25.62,-3.1,-3.54
11/05/2025,Christchurch,Paknsave,beef,19.09,24.93,1.65,-2.69
12/05/2025,Christchurch,Paknsave,beef,19.78,24.43,3.61,-2.01
13/05/2025,Christchurch,Paknsave,beef,19.54,25.15,-1.21,2.95
14/05/2025,Christchurch,Paknsave,beef,19.83,24.5,1.48,-2.58
15/05/2025,Christchurch,Paknsave,beef,19.54,25.81,-1.46,5.35
16/05/2025,Christchurch,Paknsave,beef,20.15,25.67,3.12,-0.54
17/05/2025,Christchurch,Paknsave,beef,19.3,25.63,-4.22,-0.16
18/05/2025,Christchurch,Paknsave,beef,18.8,26.39,-2.59,2.97
19/05/2025,Christchurch,Paknsave,beef,19.36,25.85,2.98,-2.05
20/05/2025,Christchurch,Paknsave,beef,19.54,25.74,0.93,-0.43
21/05/2025,Christchurch,Paknsave,beef,19.09,24.66,-2.3,-4.2
22/05/2025,Christchurch,Paknsave,beef,18.97,26.49,-0.63,7.42
23/05/2025,Christchurch,Paknsave,beef,18.67,26.54,-1.58,0.19
24/05/2025,Christchurch,Paknsave,beef,18.78,24.86,0.59,-6.33
25/05/2025,Christchurch,Paknsave,beef,18.4,26.7,-2.02,7.4
26/05/2025,Christchurch,Paknsave,beef,19.0,24.43,3.26,-8.5
27/05/2025,Christchurch,Paknsave,beef,18.81,26.26,-1.0,7.49
28/05/2025,Christchurch,Paknsave,beef,19.41,25.06,3.19,-4.57
29/05/2025,Christchurch,Paknsave,beef,19.79,25.61,1.96,2.19
30/05/2025,Christchurch,Paknsave,beef,18.8,25.47,-5.0,-0.55
31/05/2025,Christchurch,Paknsave,beef,20.18,26.73,7.34,4.95
01/06/2025,Christchurch,Paknsave,beef,19.56,24.68,-3.07,-7.67
02/06/2025,Christchurch,Paknsave,beef,19.06,24.97,-2.56,1.18
03/06/2025,Christchurch,Paknsave,beef,19.01,26.61,-0.26,6.57
30/04/2025,Christchurch,Paknsave,bread,1.42,3.0,,
01/05/2025,Christchurch,Paknsave,bread,1.44,2.77,1.41,-7.67
02/05/2025,Christchurch,Paknsave,bread,1.34,2.76,-6.94,-0.36
03/05/2025,Christchurch,Paknsave,bread,1.45,2.94,8.21,6.52
04/05/2025,Christchurch,Paknsave,bread,1.34,2.97,-7.59,1.02
05/05/2025,Christchurch,Paknsave,bread,1.35,2.97,0.75,0.0
06/05/2025,Christchurch,Paknsave,bread,1.45,2.81,7.41,-5.39
07/05/2025,Christchurch,Paknsave,bread,1.4,2.89,-3.45,2.85
08/05/2025,Christchurch,Paknsave,bread,1.41,2.89,0.71,0.0
09/05/2025,Christchurch,Paknsave,bread,1.34,2.83,-4.96,-2.08
10/05/2025,Christchurch,Paknsave,bread,1.36,2.99,1.49,5.65
11/05/2025,Christchurch,Paknsave,bread,1.36,2.78,0.0,-7.02
12/05/2025,Christchurch,Paknsave,bread,1.41,2.82,3.68,1.44
13/05/2025,Christchurch,Paknsave,bread,1.42,2.89,0.71,2.48
14/05/2025,Christchurch,Paknsave,bread,1.36,2.92,-4.23,1.04
15/05/2025,Christchurch,Paknsave,bread,1.38,2.86,1.47,-2.05
16/05/2025,Christchurch,Paknsave,bread,1.36,2.81,-1.45,-1.75
17/05/2025,Christchurch,Paknsave,bread,1.37,2.83,0.74,0.71
18/05/2025,Christchurch,Paknsave,bread,1.44,2.85,5.11,0.71
19/05/2025,Christchurch,Paknsave,bread,1.45,2.74,0.69,-3.86
20/05/2025,Christchurch,Paknsave,bread,1.37,3.01,-5.52,9.85
21/05/2025,Christchurch,Paknsave,bread,1.33,2.89,-2.92,-3.99
22/05/2025,Christchurch,Paknsave,bread,1.37,2.9,3.01,0.35
23/05/2025,Christchurch,Paknsave,bread,1.42,2.84,3.65,-2.07
24/05/2025,Christchurch,Paknsave,bread,1.42,2.76,0.0,-2.82
25/05/2025,Christchurch,Paknsave,bread,1.32,2.9,-7.04,5.07
26/05/2025,Christchurch,Paknsave,bread,1.45,2.87,9.85,-1.03
27/05/2025,Christchurch,Paknsave,bread,1.43,2.97,-1.38,3.48
28/05/2025,Christchurch,Paknsave,bread,1.46,2.78,2.1,-6.4
29/05/2025,Christchurch,Paknsave,bread,1.44,2.97,-1.37,6.83
30/05/2025,Christchurch,Paknsave,bread,1.39,2.94,-3.47,-1.01
31/05/2025,Christchurch,Paknsave,bread,1.33,2.96,-4.32,0.68
01/06/2025,Christchurch,Paknsave,bread,1.39,2.74,4.51,-7.43
02/06/2025,Christchurch,Paknsave,bread,1.35,2.85,-2.88,4.01
03/06/2025,Christchurch,Paknsave,bread,1.4,2.89,3.7,1.4
30/04/2025,Christchurch,Paknsave,butter,2.76,6.39,,
01/05/2025,Christchurch,Paknsave,butter,2.87,6.54,3.99,2.35
02/05/2025,Christchurch,Paknsave,butter,2.82,6.15,-1.74,-5.96
03/05/2025,Christchurch,Paknsave,butter,2.9,6.57,2.84,6.83
04/05/2025,Christchurch,Paknsave,butter,2.78,6.02,-4.14,-8.37
05/05/2025,Christchurch,Paknsave,butter,2.9,6.57,4.32,9.14
06/05/2025,Christchurch,Paknsave,butter,2.84,6.4,-2.07,-2.59
07/05/2025,Christchurch,Paknsave,butter,2.84,6.19,0.0,-3.28
08/05/2025,Christchurch,Paknsave,butter,2.72,6.03,-4.23,-2.58
09/05/2025,Christchurch,Paknsave,butter,2.65,6.56,-2.57,8.79
10/05/2025,Christchurch,Paknsave,butter,2.89,6.29,9.06,-4.12
11/05/2025,Christchurch,Paknsave,butter,2.91,6.01,0.69,-4.45
12/05/2025,Christchurch,Paknsave,butter,2.75,6.47,-5.5,7.65
13/05/2025,Christchurch,Paknsave,butter,2.91,6.46,5.82,-0.15
14/05/2025,Christchurch,Paknsave,butter,2.67,6.09,-8.25,-5.73
15/05/2025,Christchurch,Paknsave,butter,2.81,6.49,5.24,6.57
16/05/2025,Christchurch,Paknsave,butter,2.73,6.42,-2.85,-1.08
17/05/2025,Christchurch,Paknsave,butter,2.68,6.62,-1.83,3.12
18/05/2025,Christchurch,Paknsave,butter,2.76,6.47,2.99,-2.27
19/05/2025,Christchurch,Paknsave,butter,2.78,6.21,0.72,-4.02
20/05/2025,Christchurch,Paknsave,butter,2.75,6.29,-1.08,1.29
21/05/2025,Christchurch,Paknsave,butter,2.85,6.59,3.64,4.77
22/05/2025,Christchurch,Paknsave,butter,2.89,6.36,1.4,-3.49
23/05/2025,Christchurch,Paknsave,butter,2.91,6.6,0.69,3.77
24/05/2025,Christchurch,Paknsave,butter,2.75,6.43,-5.5,-2.58
25/05/2025,Christchurch,Paknsave,butter,2.88,6.46,4.73,0.47
26/05/2025,Christchurch,Paknsave,butter,2.79,6.14,-3.12,-4.95
27/05/2025,Christchurch,Paknsave,butter,2.68,6.18,-3.94,0.65
28/05/2025,Christchurch,Paknsave,butter,2.66,6.15,-0.75,-0.49
29/05/2025,Christchurch,Paknsave,butter,2.88,6.59,8.27,7.15
30/05/2025,Christchurch,Paknsave,butter,2.7,6.26,-6.25,-5.01
31/05/2025,Christchurch,Paknsave,butter,2.81,6.11,4.07,-2.4
01/06/2025,Christchurch,Paknsave,butter,2.85,6.28,1.42,2.78
02/06/2025,Christchurch,Paknsave,butter,2.69,6.15,-5.61,-2.07
03/06/2025,Christchurch,Paknsave,butter,2.68,6.46,-0.37,5.04
30/04/2025,Christchurch,Paknsave,egg,6.93,8.63,,
01/05/2025,Christchurch,Paknsave,egg,7.21,8.64,4.04,0.12
02/05/2025,Christchurch,Paknsave,egg,7.34,8.17,1.8,-5.44
03/05/2025,Christchurch,Paknsave,egg,7.23,8.18,-1.5,0.12
04/05/2025,Christchurch,Paknsave,egg,7.24,8.59,0.14,5.01
05/05/2025,Christchurch,Paknsave,egg,7.15,8.45,-1.24,-1.63
06/05/2025,Christchurch,Paknsave,egg,7.21,8.86,0.84,4.85
07/05/2025,Christchurch,Paknsave,egg,7.25,8.51,0.55,-3.95
08/05/2025,Christchurch,Paknsave,egg,6.98,8.83,-3.72,3.76
09/05/2025,Christchurch,Paknsave,egg,7.48,8.83,7.16,0.0
10/05/2025,Christchurch,Paknsave,egg,7.55,8.64,0.94,-2.15
11/05/2025,Christchurch,Paknsave,egg,7.63,8.82,1.06,2.08
12/05/2025,Christchurch,Paknsave,egg,7.02,8.84,-7.99,0.23
13/05/2025,Christchurch,Paknsave,egg,7.08,8.43,0.85,-4.64
14/05/2025,Christchurch,Paknsave,egg,7.13,8.25,0.71,-2.14
15/05/2025,Christchurch,Paknsave,egg,7.59,8.26,6.45,0.12
16/05/2025,Christchurch,Paknsave,egg,7.09,8.33,-6.59,0.85
17/05/2025,Christchurch,Paknsave,egg,6.97,8.75,-1.69,5.04
18/05/2025,Christchurch,Paknsave,egg,7.09,8.37,1.72,-4.34
19/05/2025,Christchurch,Paknsave,egg,7.32,8.27,3.24,-1.19
20/05/2025,Christchurch,Paknsave,egg,7.48,8.55,2.19,3.39
21/05/2025,Christchurch,Paknsave,egg,7.41,8.57,-0.94,0.23
22/05/2025,Christchurch,Paknsave,egg,7.16,8.22,-3.37,-4.08
23/05/2025,Christchurch,Paknsave,egg,7.15,8.23,-0.14,0.12
24/05/2025,Christchurch,Paknsave,egg,7.54,8.2,5.45,-0.36
25/05/2025,Christchurch,Paknsave,egg,7.5,8.05,-0.53,-1.83
26/05/2025,Christchurch,Paknsave,egg,7.21,8.07,-3.87,0.25
27/05/2025,Christchurch,Paknsave,egg,7.31,8.2,1.39,1.61
28/05/2025,Christchurch,Paknsave,egg,7.53,8.65,3.01,5.49
29/05/2025,Christchurch,Paknsave,egg,7.07,8.16,-6.11,-5.66
30/05/2025,Christchurch,Paknsave,egg,7.38,8.39,4.38,2.82
31/05/2025,Christchurch,Paknsave,egg,7.45,8.65,0.95,3.1
01/06/2025,Christchurch,Paknsave,egg,7.63,8.54,2.42,-1.27
02/06/2025,Christchurch,Paknsave,egg,7.01,8.79,-8.13,2.93
03/06/2025,Christchurch,Paknsave,egg,7.22,8.09,3.0,-7.96
30/04/2025,Christchurch,Paknsave,milk,2.82,4.41,,
01/05/2025,Christchurch,Paknsave,milk,2.89,4.57,2.48,3.63
02/05/2025,Christchurch,Paknsave,milk,2.74,4.48,-5.19,-1.97
03/05/2025,Christchurch,Paknsave,milk,2.92,4.61,6.57,2.9
04/05/2025,Christchurch,Paknsave,milk,2.81,4.7,-3.77,1.95
05/05/2025,Christchurch,Paknsave,milk,2.96,4.66,5.34,-0.85
06/05/2025,Christchurch,Paknsave,milk,2.89,4.3,-2.36,-7.73
07/05/2025,Christchurch,Paknsave,milk,2.85,4.69,-1.38,9.07
08/05/2025,Christchurch,Paknsave,milk,2.77,4.52,-2.81,-3.62
09/05/2025,Christchurch,Paknsave,milk,2.95,4.56,6.5,0.88
10/05/2025,Christchurch,Paknsave,milk,2.85,4.7,-3.39,3.07
11/05/2025,Christchurch,Paknsave,milk,2.91,4.34,2.11,-7.66
12/05/2025,Christchurch,Paknsave,milk,2.82,4.69,-3.09,8.06
13/05/2025,Christchurch,Paknsave,milk,2.85,4.6,1.06,-1.92
14/05/2025,Christchurch,Paknsave,milk,2.89,4.39,1.4,-4.57
15/05/2025,Christchurch,Paknsave,milk,2.78,4.67,-3.81,6.38
16/05/2025,Christchurch,Paknsave,milk,2.95,4.52,6.12,-3.21
17/05/2025,Christchurch,Paknsave,milk,2.84,4.33,-3.73,-4.2
18/05/2025,Christchurch,Paknsave,milk,2.82,4.4,-0.7,1.62
19/05/2025,Christchurch,Paknsave,milk,2.84,4.6,0.71,4.55
20/05/2025,Christchurch,Paknsave,milk,2.85,4.65,0.35,1.09
21/05/2025,Christchurch,Paknsave,milk,2.83,4.44,-0.7,-4.52
22/05/2025,Christchurch,Paknsave,milk,2.78,4.52,-1.77,1.8
23/05/2025,Christchurch,Paknsave,milk,2.73,4.39,-1.8,-2.88
24/05/2025,Christchurch,Paknsave,milk,2.97,4.38,8.79,-0.23
25/05/2025,Christchurch,Paknsave,milk,2.84,4.49,-4.38,2.51
26/05/2025,Christchurch,Paknsave,milk,2.79,4.37,-1.76,-2.67
27/05/2025,Christchurch,Paknsave,milk,2.83,4.55,1.43,4.12
28/05/2025,Christchurch,Paknsave,milk,2.82,4.4,-0.35,-3.3
29/05/2025,Christchurch,Paknsave,milk,2.71,4.28,-3.9,-2.73
30/05/2025,Christchurch,Paknsave,milk,2.76,4.27,1.85,-0.23
31/05/2025,Christchurch,Paknsave,milk,2.86,4.71,3.62,10.3
01/06/2025,Christchurch,Paknsave,milk,2.72,4.42,-4.9,-6.16
02/06/2025,Christchurch,Paknsave,milk,2.88,4.47,5.88,1.13
03/06/2025,Christchurch,Paknsave,milk,2.86,4.6,-0.69,2.91
30/04/2025,Wellington,NewWorld,beef,17.3,24.0,,
01/05/2025,Wellington,NewWorld,beef,17.8,25.49,2.89,6.21
02/05/2025,Wellington,NewWorld,beef,17.21,26.4,-3.31,3.57
03/05/2025,Wellington,NewWorld,beef,18.57,24.82,7.9,-5.98
04/05/2025,Wellington,NewWorld,beef,17.79,24.54,-4.2,-1.13
05/05/2025,Wellington,NewWorld,beef,17.74,24.87,-0.28,1.34
06/05/2025,Wellington,NewWorld,beef,17.85,25.37,0.62,2.01
07/05/2025,Wellington,NewWorld,beef,18.8,24.44,5.32,-3.67
08/05/2025,Wellington,NewWorld,beef,17.22,26.27,-8.4,7.49
09/05/2025,Wellington,NewWorld,beef,17.18,23.99,-0.23,-8.68
10/05/2025,Wellington,NewWorld,beef,18.87,26.19,9.84,9.17
11/05/2025,Wellington,NewWorld,beef,18.05,24.73,-4.35,-5.57
12/05/2025,Wellington,NewWorld,beef,18.43,26.13,2.11,5.66
13/05/2025,Wellington,NewWorld,beef,17.11,24.59,-7.16,-5.89
14/05/2025,Wellington,NewWorld,beef,17.49,24.87,2.22,1.14
15/05/2025,Wellington,NewWorld,beef,18.17,26.27,3.89,5.63
16/05/2025,Wellington,NewWorld,beef,18.63,25.01,2.53,-4.8
17/05/2025,Wellington,NewWorld,beef,18.54,24.91,-0.48,-0.4
18/05/2025,Wellington,NewWorld,beef,18.66,26.0,0.65,4.38
19/05/2025,Wellington,NewWorld,beef,18.12,25.14,-2.89,-3.31
20/05/2025,Wellington,NewWorld,beef,17.12,25.08,-5.52,-0.24
21/05/2025,Wellington,NewWorld,beef,18.88,26.18,10.28,4.39
22/05/2025,Wellington,NewWorld,beef,17.7,25.54,-6.25,-2.44
23/05/2025,Wellington,NewWorld,beef,18.46,25.94,4.29,1.57
24/05/2025,Wellington,NewWorld,beef,18.59,24.3,0.7,-6.32
25/05/2025,Wellington,NewWorld,beef,17.99,25.48,-3.23,4.86
26/05/2025,Wellington,NewWorld,beef,17.35,26.44,-3.56,3.77
27/05/2025,Wellington,NewWorld,beef,18.7,25.99,7.78,-1.7
28/05/2025,Wellington,NewWorld,beef,17.9,25.06,-4.28,-3.58
29/05/2025,Wellington,NewWorld,beef,17.78,24.09,-0.67,-3.87
30/05/2025,Wellington,NewWorld,beef,17.97,24.85,1.07,3.15
31/05/2025,Wellington,NewWorld,beef,18.64,24.65,3.73,-0.8
01/06/2025,Wellington,NewWorld,beef,17.32,26.2,-7.08,6.29
02/06/2025,Wellington,NewWorld,beef,17.18,25.82,-0.81,-1.45
03/06/2025,Wellington,NewWorld,beef,18.55,24.6,7.97,-4.73
30/04/2025,Wellington,NewWorld,bread,1.43,3.01,,
01/05/2025,Wellington,NewWorld,bread,1.55,2.98,8.39,-1.0
02/05/2025,Wellington,NewWorld,bread,1.46,3.17,-5.81,6.38
03/05/2025,Wellington,NewWorld,bread,1.49,3.16,2.05,-0.32
04/05/2025,Wellington,NewWorld,bread,1.46,2.99,-2.01,-5.38
05/05/2025,Wellington,NewWorld,bread,1.48,3.03,1.37,1.34
06/05/2025,Wellington,NewWorld,bread,1.47,3.14,-0.68,3.63
07/05/2025,Wellington,NewWorld,bread,1.48,2.97,0.68,-5.41
08/05/2025,Wellington,NewWorld,bread,1.53,2.95,3.38,-0.67
09/05/2025,Wellington,NewWorld,bread,1.42,3.04,-7.19,3.05
10/05/2025,Wellington,NewWorld,bread,1.51,2.91,6.34,-4.28
11/05/2025,Wellington,NewWorld,bread,1.5,2.98,-0.66,2.41
12/05/2025,Wellington,NewWorld,bread,1.44,3.13,-4.0,5.03
13/05/2025,Wellington,NewWorld,bread,1.54,2.91,6.94,-7.03
14/05/2025,Wellington,NewWorld,bread,1.46,3.15,-5.19,8.25
15/05/2025,Wellington,NewWorld,bread,1.5,2.92,2.74,-7.3
16/05/2025,Wellington,NewWorld,bread,1.42,3.09,-5.33,5.82
17/05/2025,Wellington,NewWorld,bread,1.48,3.2,4.23,3.56
18/05/2025,Wellington,NewWorld,bread,1.46,3.06,-1.35,-4.38
19/05/2025,Wellington,NewWorld,bread,1.53,3.04,4.79,-0.65
20/05/2025,Wellington,NewWorld,bread,1.45,3.14,-5.23,3.29
21/05/2025,Wellington,NewWorld,bread,1.51,2.99,4.14,-4.78
22/05/2025,Wellington,NewWorld,bread,1.52,3.19,0.66,6.69
23/05/2025,Wellington,NewWorld,bread,1.55,3.06,1.97,-4.08
24/05/2025,Wellington,NewWorld,bread,1.51,3.03,-2.58,-0.98
25/05/2025,Wellington,NewWorld,bread,1.46,2.94,-3.31,-2.97
26/05/2025,Wellington,NewWorld,bread,1.42,3.12,-2.74,6.12
27/05/2025,Wellington,NewWorld,bread,1.45,3.0,2.11,-3.85
28/05/2025,Wellington,NewWorld,bread,1.55,3.11,6.9,3.67
29/05/2025,Wellington,NewWorld,bread,1.51,3.16,-2.58,1.61
30/05/2025,Wellington,NewWorld,bread,1.51,3.19,0.0,0.95
31/05/2025,Wellington,NewWorld,bread,1.53,3.0,1.32,-5.96
01/06/2025,Wellington,NewWorld,bread,1.44,3.03,-5.88,1.0
02/06/2025,Wellington,NewWorld,bread,1.52,3.04,5.56,0.33
03/06/2025,Wellington,NewWorld,bread,1.5,3.03,-1.32,-0.33
30/04/2025,Wellington,NewWorld,butter,3.78,7.6,,
01/05/2025,Wellington,NewWorld,butter,3.97,7.93,5.03,4.34
02/05/2025,Wellington,NewWorld,butter,3.6,7.98,-9.32,0.63
03/05/2025,Wellington,NewWorld,butter,3.63,7.53,0.83,-5.64
04/05/2025,Wellington,NewWorld,butter,3.91,7.74,7.71,2.79
05/05/2025,Wellington,NewWorld,butter,3.95,7.65,1.02,-1.16
06/05/2025,Wellington,NewWorld,butter,3.94,8.15,-0.25,6.54
07/05/2025,Wellington,NewWorld,butter,3.7,7.58,-6.09,-6.99
08/05/2025,Wellington,NewWorld,butter,3.86,7.94,4.32,4.75
09/05/2025,Wellington,NewWorld,butter,3.89,8.21,0.78,3.4
10/05/2025,Wellington,NewWorld,butter,3.79,7.56,-2.57,-7.92
11/05/2025,Wellington,NewWorld,butter,3.63,7.99,-4.22,5.69
12/05/2025,Wellington,NewWorld,butter,3.71,7.8,2.2,-2.38
13/05/2025,Wellington,NewWorld,butter,3.86,7.75,4.04,-0.64
14/05/2025,Wellington,NewWorld,butter,3.77,7.63,-2.33,-1.55
15/05/2025,Wellington,NewWorld,butter,3.87,8.06,2.65,5.64
16/05/2025,Wellington,NewWorld,butter,3.9,7.72,0.78,-4.22
17/05/2025,Wellington,NewWorld,butter,3.65,7.82,-6.41,1.3
18/05/2025,Wellington,NewWorld,butter,3.84,7.99,5.21,2.17
19/05/2025,Wellington,NewWorld,butter,3.68,7.74,-4.17,-3.13
20/05/2025,Wellington,NewWorld,butter,3.92,8.04,6.52,3.88
21/05/2025,Wellington,NewWorld,butter,3.92,8.07,0.0,0.37
22/05/2025,Wellington,NewWorld,butter,3.76,7.9,-4.08,-2.11
23/05/2025,Wellington,NewWorld,butter,3.88,8.2,3.19,3.8
24/05/2025,Wellington,NewWorld,butter,3.73,7.8,-3.87,-4.88
25/05/2025,Wellington,NewWorld,butter,3.81,7.99,2.14,2.44
26/05/2025,Wellington,NewWorld,butter,3.83,7.52,0.52,-5.88
27/05/2025,Wellington,NewWorld,butter,3.82,8.04,-0.26,6.91
28/05/2025,Wellington,NewWorld,butter,3.95,8.02,3.4,-0.25
29/05/2025,Wellington,NewWorld,butter,3.84,7.98,-2.78,-0.5
30/05/2025,Wellington,NewWorld,butter,3.9,7.49,1.56,-6.14
31/05/2025,Wellington,NewWorld,butter,3.8,7.62,-2.56,1.74
01/06/2025,Wellington,NewWorld,butter,3.89,7.73,2.37,1.44
02/06/2025,Wellington,NewWorld,butter,3.6,7.81,-7.46,1.03
03/06/2025,Wellington,NewWorld,butter,3.87,7.54,7.5,-3.46
30/04/2025,Wellington,NewWorld,egg,5.94,9.37,,
01/05/2025,Wellington,NewWorld,egg,6.26,10.14,5.39,8.22
02/05/2025,Wellington,NewWorld,egg,6.25,10.06,-0.16,-0.79
03/05/2025,Wellington,NewWorld,egg,6.13,9.74,-1.92,-3.18
04/05/2025,Wellington,NewWorld,egg,5.77,9.53,-5.87,-2.16
05/05/2025,Wellington,NewWorld,egg,6.06,9.5,5.03,-0.31
06/05/2025,Wellington,NewWorld,egg,6.25,9.67,3.14,1.79
07/05/2025,Wellington,NewWorld,egg,5.92,9.41,-5.28,-2.69
08/05/2025,Wellington,NewWorld,egg,6.04,9.39,2.03,-0.21
09/05/2025,Wellington,NewWorld,egg,5.76,9.82,-4.64,4.58
10/05/2025,Wellington,NewWorld,egg,6.18,9.87,7.29,0.51
11/05/2025,Wellington,NewWorld,egg,5.76,9.9,-6.8,0.3
12/05/2025,Wellington,NewWorld,egg,6.07,10.18,5.38,2.83
13/05/2025,Wellington,NewWorld,egg,6.02,9.79,-0.82,-3.83
14/05/2025,Wellington,NewWorld,egg,6.27,10.1,4.15,3.17
15/05/2025,Wellington,NewWorld,egg,5.95,9.88,-5.1,-2.18
16/05/2025,Wellington,NewWorld,egg,5.97,9.34,0.34,-5.47
17/05/2025,Wellington,NewWorld,egg,5.99,10.06,0.34,7.71
18/05/2025,Wellington,NewWorld,egg,6.02,9.3,0.5,-7.55
19/05/2025,Wellington,NewWorld,egg,5.91,9.59,-1.83,3.12
20/05/2025,Wellington,NewWorld,egg,6.01,9.72,1.69,1.36
21/05/2025,Wellington,NewWorld,egg,5.87,9.85,-2.33,1.34
22/05/2025,Wellington,NewWorld,egg,5.81,9.76,-1.02,-0.91
23/05/2025,Wellington,NewWorld,egg,6.02,9.92,3.61,1.64
24/05/2025,Wellington,NewWorld,egg,5.93,9.59,-1.5,-3.33
25/05/2025,Wellington,NewWorld,egg,5.7,9.67,-3.88,0.83
26/05/2025,Wellington,NewWorld,egg,5.84,9.38,2.46,-3.0
27/05/2025,Wellington,NewWorld,egg,6.12,9.98,4.79,6.4
28/05/2025,Wellington,NewWorld,egg,5.8,9.83,-5.23,-1.5
29/05/2025,Wellington,NewWorld,egg,5.89,10.07,1.55,2.44
30/05/2025,Wellington,NewWorld,egg,5.79,10.14,-1.7,0.7
31/05/2025,Wellington,NewWorld,egg,6.15,9.29,6.22,-8.38
01/06/2025,Wellington,NewWorld,egg,5.81,9.9,-5.53,6.57
02/06/2025,Wellington,NewWorld,egg,6.28,10.0,8.09,1.01
03/06/2025,Wellington,NewWorld,egg,6.28,9.37,0.0,-6.3
30/04/2025,Wellington,NewWorld,milk,3.01,4.85,,
01/05/2025,Wellington,NewWorld,milk,2.9,4.82,-3.65,-0.62
02/05/2025,Wellington,NewWorld,milk,2.97,4.98,2.41,3.32
03/05/2025,Wellington,NewWorld,milk,2.94,4.62,-1.01,-7.23
04/05/2025,Wellington,NewWorld,milk,3.07,4.61,4.42,-0.22
05/05/2025,Wellington,NewWorld,milk,2.86,5.02,-6.84,8.89
06/05/2025,Wellington,NewWorld,milk,2.98,4.87,4.2,-2.99
07/05/2025,Wellington,NewWorld,milk,3.08,4.73,3.36,-2.87
08/05/2025,Wellington,NewWorld,milk,2.97,4.66,-3.57,-1.48
09/05/2025,Wellington,NewWorld,milk,2.94,4.61,-1.01,-1.07
10/05/2025,Wellington,NewWorld,milk,2.88,4.96,-2.04,7.59
11/05/2025,Wellington,NewWorld,milk,3.13,4.66,8.68,-6.05
12/05/2025,Wellington,NewWorld,milk,2.94,4.66,-6.07,0.0
13/05/2025,Wellington,NewWorld,milk,3.13,4.86,6.46,4.29
14/05/2025,Wellington,NewWorld,milk,3.12,4.85,-0.32,-0.21
15/05/2025,Wellington,NewWorld,milk,3.08,4.83,-1.28,-0.41
16/05/2025,Wellington,NewWorld,milk,3.1,4.97,0.65,2.9
17/05/2025,Wellington,NewWorld,milk,3.09,4.6,-0.32,-7.44
18/05/2025,Wellington,NewWorld,milk,3.1,5.05,0.32,9.78
19/05/2025,Wellington,NewWorld,milk,2.92,4.87,-5.81,-3.56
20/05/2025,Wellington,NewWorld,milk,3.03,4.73,3.77,-2.87
21/05/2025,Wellington,NewWorld,milk,3.01,4.66,-0.66,-1.48
22/05/2025,Wellington,NewWorld,milk,2.86,4.95,-4.98,6.22
23/05/2025,Wellington,NewWorld,milk,3.07,4.85,7.34,-2.02
24/05/2025,Wellington,NewWorld,milk,2.84,5.04,-7.49,3.92
25/05/2025,Wellington,NewWorld,milk,2.93,4.71,3.17,-6.55
26/05/2025,Wellington,NewWorld,milk,3.06,4.69,4.44,-0.42
27/05/2025,Wellington,NewWorld,milk,3.12,4.66,1.96,-0.64
28/05/2025,Wellington,NewWorld,milk,2.98,4.82,-4.49,3.43
29/05/2025,Wellington,NewWorld,milk,3.07,4.81,3.02,-0.21
30/05/2025,Wellington,NewWorld,milk,2.88,5.05,-6.19,4.99
31/05/2025,Wellington,NewWorld,milk,2.93,4.89,1.74,-3.17
01/06/2025,Wellington,NewWorld,milk,2.86,4.64,-2.39,-5.11
02/06/2025,Wellington,NewWorld,milk,3.02,4.98,5.59,7.33
03/06/2025,Wellington,NewWorld,milk,2.97,4.87,-1.66,-2.21
30/04/2025,Wellington,Paknsave,beef,22.21,24.9,,
01/05/2025,Wellington,Paknsave,beef,22.55,23.12,1.53,-7.15
02/05/2025,Wellington,Paknsave,beef,22.26,24.98,-1.29,8.04
03/05/2025,Wellington,Paknsave,beef,20.99,23.27,-5.71,-6.85
04/05/2025,Wellington,Paknsave,beef,21.01,24.71,0.1,6.19
05/05/2025,Wellington,Paknsave,beef,21.91,24.49,4.28,-0.89
06/05/2025,Wellington,Paknsave,beef,20.98,25.23,-4.24,3.02
07/05/2025,Wellington,Paknsave,beef,21.53,24.23,2.62,-3.96
08/05/2025,Wellington,Paknsave,beef,21.33,24.52,-0.93,1.2
09/05/2025,Wellington,Paknsave,beef,21.83,25.04,2.34,2.12
10/05/2025,Wellington,Paknsave,beef,21.63,23.34,-0.92,-6.79
11/05/2025,Wellington,Paknsave,beef,22.38,24.64,3.47,5.57
12/05/2025,Wellington,Paknsave,beef,21.17,25.13,-5.41,1.99
13/05/2025,Wellington,Paknsave,beef,20.98,24.8,-0.9,-1.31
14/05/2025,Wellington,Paknsave,beef,21.83,23.12,4.05,-6.77
15/05/2025,Wellington,Paknsave,beef,22.7,24.48,3.99,5.88
16/05/2025,Wellington,Paknsave,beef,21.62,23.73,-4.76,-3.06
17/05/2025,Wellington,Paknsave,beef,21.36,23.79,-1.2,0.25
18/05/2025,Wellington,Paknsave,beef,22.37,23.28,4.73,-2.14
19/05/2025,Wellington,Paknsave,beef,20.94,24.69,-6.39,6.06
20/05/2025,Wellington,Paknsave,beef,22.08,23.28,5.44,-5.71
21/05/2025,Wellington,Paknsave,beef,21.81,25.0,-1.22,7.39
22/05/2025,Wellington,Paknsave,beef,20.94,24.57,-3.99,-1.72
23/05/2025,Wellington,Paknsave,beef,21.04,23.15,0.48,-5.78
24/05/2025,Wellington,Paknsave,beef,23.01,22.94,9.36,-0.91
25/05/2025,Wellington,Paknsave,beef,21.53,23.49,-6.43,2.4
26/05/2025,Wellington,Paknsave,beef,21.51,24.04,-0.09,2.34
27/05/2025,Wellington,Paknsave,beef,22.67,24.94,5.39,3.74
28/05/2025,Wellington,Paknsave,beef,22.99,24.82,1.41,-0.48
29/05/2025,Wellington,Paknsave,beef,21.54,23.44,-6.31,-5.56
30/05/2025,Wellington,Paknsave,beef,22.58,24.07,4.83,2.69
31/05/2025,Wellington,Paknsave,beef,21.89,23.76,-3.06,-1.29
01/06/2025,Wellington,Paknsave,beef,23.07,22.92,5.39,-3.54
02/06/2025,Wellington,Paknsave,beef,21.25,24.27,-7.89,5.89
03/06/2025,Wellington,Paknsave,beef,22.1,24.9,4.0,2.6
30/04/2025,Wellington,Paknsave,bread,1.33,2.23,,
01/05/2025,Wellington,Paknsave,bread,1.39,2.4,4.51,7.62
02/05/2025,Wellington,Paknsave,bread,1.4,2.33,0.72,-2.92
03/05/2025,Wellington,Paknsave,bread,1.36,2.26,-2.86,-3.0
04/05/2025,Wellington,Paknsave,bread,1.42,2.31,4.41,2.21
05/05/2025,Wellington,Paknsave,bread,1.44,2.4,1.41,3.9
06/05/2025,Wellington,Paknsave,bread,1.33,2.33,-7.64,-2.92
07/05/2025,Wellington,Paknsave,bread,1.35,2.38,1.5,2.15
08/05/2025,Wellington,Paknsave,bread,1.42,2.24,5.19,-5.88
09/05/2025,Wellington,Paknsave,bread,1.37,2.22,-3.52,-0.89
10/05/2025,Wellington,Paknsave,bread,1.35,2.21,-1.46,-0.45
11/05/2025,Wellington,Paknsave,bread,1.32,2.26,-2.22,2.26
12/05/2025,Wellington,Paknsave,bread,1.44,2.2,9.09,-2.65
13/05/2025,Wellington,Paknsave,bread,1.38,2.31,-4.17,5.0
14/05/2025,Wellington,Paknsave,bread,1.44,2.25,4.35,-2.6
15/05/2025,Wellington,Paknsave,bread,1.37,2.32,-4.86,3.11
16/05/2025,Wellington,Paknsave,bread,1.43,2.34,4.38,0.86
17/05/2025,Wellington,Paknsave,bread,1.44,2.25,0.7,-3.85
18/05/2025,Wellington,Paknsave,bread,1.36,2.36,-5.56,4.89
19/05/2025,Wellington,Paknsave,bread,1.42,2.41,4.41,2.12
20/05/2025,Wellington,Paknsave,bread,1.37,2.3,-3.52,-4.56
21/05/2025,Wellington,Paknsave,bread,1.42,2.42,3.65,5.22
22/05/2025,Wellington,Paknsave,bread,1.37,2.28,-3.52,-5.79
23/05/2025,Wellington,Paknsave,bread,1.43,2.4,4.38,5.26
24/05/2025,Wellington,Paknsave,bread,1.43,2.42,0.0,0.83
25/05/2025,Wellington,Paknsave,bread,1.39,2.23,-2.8,-7.85
26/05/2025,Wellington,Paknsave,bread,1.42,2.4,2.16,7.62
27/05/2025,Wellington,Paknsave,bread,1.42,2.32,0.0,-3.33
28/05/2025,Wellington,Paknsave,bread,1.41,2.27,-0.7,-2.16
29/05/2025,Wellington,Paknsave,bread,1.46,2.42,3.55,6.61
30/05/2025,Wellington,Paknsave,bread,1.35,2.43,-7.53,0.41
31/05/2025,Wellington,Paknsave,bread,1.41,2.29,4.44,-5.76
01/06/2025,Wellington,Paknsave,bread,1.38,2.24,-2.13,-2.18
02/06/2025,Wellington,Paknsave,bread,1.41,2.42,2.17,8.04
03/06/2025,Wellington,Paknsave,bread,1.36,2.36,-3.55,-2.48
30/04/2025,Wellington,Paknsave,butter,1.74,6.07,,
01/05/2025,Wellington,Paknsave,butter,1.88,5.96,8.05,-1.81
02/05/2025,Wellington,Paknsave,butter,1.78,5.69,-5.32,-4.53
03/05/2025,Wellington,Paknsave,butter,1.83,6.06,2.81,6.5
04/05/2025,Wellington,Paknsave,butter,1.72,6.21,-6.01,2.48
05/05/2025,Wellington,Paknsave,butter,1.78,6.08,3.49,-2.09
06/05/2025,Wellington,Paknsave,butter,1.83,5.83,2.81,-4.11
07/05/2025,Wellington,Paknsave,butter,1.85,6.11,1.09,4.8
08/05/2025,Wellington,Paknsave,butter,1.75,5.73,-5.41,-6.22
09/05/2025,Wellington,Paknsave,butter,1.81,6.26,3.43,9.25
10/05/2025,Wellington,Paknsave,butter,1.83,5.8,1.1,-7.35
11/05/2025,Wellington,Paknsave,butter,1.75,5.7,-4.37,-1.72
12/05/2025,Wellington,Paknsave,butter,1.75,5.88,0.0,3.16
13/05/2025,Wellington,Paknsave,butter,1.71,6.05,-2.29,2.89
14/05/2025,Wellington,Paknsave,butter,1.7,5.91,-0.58,-2.31
15/05/2025,Wellington,Paknsave,butter,1.8,5.92,5.88,0.17
16/05/2025,Wellington,Paknsave,butter,1.72,5.72,-4.44,-3.38
17/05/2025,Wellington,Paknsave,butter,1.87,6.05,8.72,5.77
18/05/2025,Wellington,Paknsave,butter,1.86,5.85,-0.53,-3.31
19/05/2025,Wellington,Paknsave,butter,1.87,6.22,0.54,6.32
20/05/2025,Wellington,Paknsave,butter,1.76,5.94,-5.88,-4.5
21/05/2025,Wellington,Paknsave,butter,1.82,5.74,3.41,-3.37
22/05/2025,Wellington,Paknsave,butter,1.79,6.15,-1.65,7.14
23/05/2025,Wellington,Paknsave,butter,1.79,5.84,0.0,-5.04
24/05/2025,Wellington,Paknsave,butter,1.72,5.92,-3.91,1.37
25/05/2025,Wellington,Paknsave,butter,1.8,5.69,4.65,-3.89
26/05/2025,Wellington,Paknsave,butter,1.86,6.23,3.33,9.49
27/05/2025,Wellington,Paknsave,butter,1.74,6.22,-6.45,-0.16
28/05/2025,Wellington,Paknsave,butter,1.79,6.01,2.87,-3.38
29/05/2025,Wellington,Paknsave,butter,1.86,5.83,3.91,-3.0
30/05/2025,Wellington,Paknsave,butter,1.74,5.96,-6.45,2.23
31/05/2025,Wellington,Paknsave,butter,1.85,6.12,6.32,2.68
01/06/2025,Wellington,Paknsave,butter,1.88,6.02,1.62,-1.63
02/06/2025,Wellington,Paknsave,butter,1.77,5.71,-5.85,-5.15
03/06/2025,Wellington,Paknsave,butter,1.72,6.25,-2.82,9.46
30/04/2025,Wellington,Paknsave,egg,8.36,10.6,,
01/05/2025,Wellington,Paknsave,egg,8.08,10.4,-3.35,-1.89
02/05/2025,Wellington,Paknsave,egg,8.41,10.64,4.08,2.31
03/05/2025,Wellington,Paknsave,egg,8.68,10.21,3.21,-4.04
04/05/2025,Wellington,Paknsave,egg,7.93,10.31,-8.64,0.98
05/05/2025,Wellington,Paknsave,egg,8.15,10.82,2.77,4.95
06/05/2025,Wellington,Paknsave,egg,8.65,10.7,6.13,-1.11
07/05/2025,Wellington,Paknsave,egg,8.48,10.2,-1.97,-4.67
08/05/2025,Wellington,Paknsave,egg,8.65,10.31,2.0,1.08
09/05/2025,Wellington,Paknsave,egg,8.5,10.51,-1.73,1.94
10/05/2025,Wellington,Paknsave,egg,8.07,11.18,-5.06,6.37
11/05/2025,Wellington,Paknsave,egg,8.01,10.19,-0.74,-8.86
12/05/2025,Wellington,Paknsave,egg,8.0,10.32,-0.12,1.28
13/05/2025,Wellington,Paknsave,egg,8.3,10.4,3.75,0.78
14/05/2025,Wellington,Paknsave,egg,8.15,10.83,-1.81,4.13
15/05/2025,Wellington,Paknsave,egg,8.13,10.37,-0.25,-4.25
16/05/2025,Wellington,Paknsave,egg,7.99,11.09,-1.72,6.94
17/05/2025,Wellington,Paknsave,egg,8.1,11.16,1.38,0.63
18/05/2025,Wellington,Paknsave,egg,8.52,10.97,5.19,-1.7
19/05/2025,Wellington,Paknsave,egg,8.52,10.25,0.0,-6.56
20/05/2025,Wellington,Paknsave,egg,7.99,10.55,-6.22,2.93
21/05/2025,Wellington,Paknsave,egg,8.13,10.78,1.75,2.18
22/05/2025,Wellington,Paknsave,egg,8.32,10.24,2.34,-5.01
23/05/2025,Wellington,Paknsave,egg,7.89,10.75,-5.17,4.98
24/05/2025,Wellington,Paknsave,egg,8.19,10.54,3.8,-1.95
25/05/2025,Wellington,Paknsave,egg,8.35,10.93,1.95,3.7
26/05/2025,Wellington,Paknsave,egg,8.46,11.0,1.32,0.64
27/05/2025,Wellington,Paknsave,egg,8.02,10.3,-5.2,-6.36
28/05/2025,Wellington,Paknsave,egg,8.53,10.41,6.36,1.07
29/05/2025,Wellington,Paknsave,egg,8.27,10.76,-3.05,3.36
30/05/2025,Wellington,Paknsave,egg,8.45,10.21,2.18,-5.11
31/05/2025,Wellington,Paknsave,egg,8.5,10.94,0.59,7.15
01/06/2025,Wellington,Paknsave,egg,8.37,10.26,-1.53,-6.22
02/06/2025,Wellington,Paknsave,egg,8.39,10.45,0.24,1.85
03/06/2025,Wellington,Paknsave,egg,8.6,10.99,2.5,5.17
30/04/2025,Wellington,Paknsave,milk,2.99,5.23,,
01/05/2025,Wellington,Paknsave,milk,2.99,5.22,0.0,-0.19
02/05/2025,Wellington,Paknsave,milk,2.93,5.1,-2.01,-2.3
03/05/2025,Wellington,Paknsave,milk,2.99,5.26,2.05,3.14
04/05/2025,Wellington,Paknsave,milk,3.01,4.78,0.67,-9.13
05/05/2025,Wellington,Paknsave,milk,2.89,4.97,-3.99,3.97
06/05/2025,Wellington,Paknsave,milk,3.03,5.21,4.84,4.83
07/05/2025,Wellington,Paknsave,milk,2.82,5.22,-6.93,0.19
08/05/2025,Wellington,Paknsave,milk,3.01,5.1,6.74,-2.3
09/05/2025,Wellington,Paknsave,milk,2.9,5.01,-3.65,-1.76
10/05/2025,Wellington,Paknsave,milk,2.94,4.81,1.38,-3.99
11/05/2025,Wellington,Paknsave,milk,2.94,5.05,0.0,4.99
12/05/2025,Wellington,Paknsave,milk,2.91,4.84,-1.02,-4.16
13/05/2025,Wellington,Paknsave,milk,3.06,5.06,5.15,4.55
14/05/2025,Wellington,Paknsave,milk,3.05,5.19,-0.33,2.57
15/05/2025,Wellington,Paknsave,milk,3.0,4.8,-1.64,-7.51
16/05/2025,Wellington,Paknsave,milk,2.97,4.83,-1.0,0.63
17/05/2025,Wellington,Paknsave,milk,2.91,5.09,-2.02,5.38
18/05/2025,Wellington,Paknsave,milk,3.02,5.23,3.78,2.75
19/05/2025,Wellington,Paknsave,milk,2.8,5.21,-7.28,-0.38
20/05/2025,Wellington,Paknsave,milk,3.01,5.13,7.5,-1.54
21/05/2025,Wellington,Paknsave,milk,2.91,5.2,-3.32,1.36
22/05/2025,Wellington,Paknsave,milk,3.0,5.25,3.09,0.96
23/05/2025,Wellington,Paknsave,milk,2.84,4.88,-5.33,-7.05
24/05/2025,Wellington,Paknsave,milk,2.91,5.16,2.46,5.74
25/05/2025,Wellington,Paknsave,milk,2.85,4.88,-2.06,-5.43
26/05/2025,Wellington,Paknsave,milk,2.94,5.17,3.16,5.94
27/05/2025,Wellington,Paknsave,milk,2.88,5.1,-2.04,-1.35
28/05/2025,Wellington,Paknsave,milk,2.97,5.23,3.12,2.55
29/05/2025,Wellington,Paknsave,milk,2.85,5.1,-4.04,-2.49
30/05/2025,Wellington,Paknsave,milk,2.87,4.82,0.7,-5.49
31/05/2025,Wellington,Paknsave,milk,3.02,5.02,5.23,4.15
01/06/2025,Wellington,Paknsave,milk,3.02,4.83,0.0,-3.78
02/06/2025,Wellington,Paknsave,milk,3.06,5.09,1.32,5.38
03/06/2025,Wellington,Paknsave,milk,3.05,5.22,-0.33,2.55
